date,open,high,low,close,volume,amount,turnover,pct_change
2023-01-03,14.0363336,14.09174018,13.23293819,13.99939588,88059396,1308800004.44,0.014877,-2.1304
2023-01-04,13.93475487,14.21178777,13.86087943,14.01786474,52586022,799100704.58,0.008884,0.1319
2023-01-05,14.10097461,14.62733712,14.10097461,14.43341409,85291710,1328394316.7,0.014409,2.9644
2023-01-06,14.38724194,14.59963383,14.29489764,14.46111738,47035125,736124794.6,0.007946,0.1919
2023-01-09,14.55346168,15.41226367,14.53499282,15.03365204,118853583,1936752178.59,0.020079,3.9591
2023-01-10,14.97824546,15.41226367,14.92283888,15.00594875,78432670,1284653269.37,0.01325,-0.1843
2023-01-11,14.78432243,14.88590116,14.11020904,14.28566321,174711787,2713937698.88,0.029516,-4.8
2023-01-12,14.26719435,14.58116497,14.2210222,14.43341409,97549308,1519030495.87,0.016479999999999998,1.0343
2023-01-13,14.52575839,15.20910621,14.52575839,15.16293406,152480065,2457127739.06,0.02576,5.0544
2023-01-16,15.2368095,16.67738058,15.2368095,16.36340996,304348352,5350282657.5,0.051416,7.9172
2023-01-17,16.0679082,16.52039527,15.99403276,16.41881654,135031401,2384597337.06,0.022812000000000002,0.3386
2023-01-18,16.4372854,16.59427071,16.24336237,16.44651983,86996221,1550117357.84,0.014697,0.1687
2023-01-19,16.41881654,16.85283475,16.29876895,16.76972488,90928303,1636027882.92,0.015361,1.9652
2023-01-20,16.64044286,16.73278716,16.3449411,16.4372854,91468216,1630768196.81,0.015453,-1.9824
2023-01-30,16.69584944,16.8066626,16.24336237,16.29876895,83930785,1492098848.91,0.014178999999999999,-0.8427
2023-01-31,16.28030009,16.39111325,15.9755639,16.0679082,62086389,1084582236.0,0.010489,-1.4164
2023-02-01,16.11408035,16.53886413,15.9755639,16.51116084,83166830,1461542370.56,0.01405,2.7586
2023-02-02,16.73278716,16.74202159,15.91092289,15.99403276,120355750,2102098251.38,0.020333,-3.132
2023-02-03,15.8832196,15.98479833,15.6061867,15.81857859,82404637,1406341713.73,0.013921,-1.097
2023-02-06,15.65235885,15.68006214,15.21834064,15.39379481,101151213,1688069929.64,0.017088000000000002,-2.6853
2023-02-07,15.4214981,15.5138424,15.31068494,15.4214981,49433136,825148020.11,0.008350999999999999,0.18
2023-02-08,15.37532595,15.43996696,15.19987178,15.2368095,42384409,701268936.59,0.00716,-1.1976
2023-02-09,15.2368095,15.48613911,15.19063735,15.45843582,69408800,1156100563.5,0.011726,1.4545
2023-02-10,15.38456038,15.4214981,15.28298165,15.36609152,38214505,635435202.34,0.006456,-0.5974
2023-02-13,15.3291538,15.54154569,15.24604393,15.48613911,49948000,834452544.59,0.008438,0.7813
2023-02-14,15.5138424,15.53231126,15.29221608,15.4214981,43735804,729196598.67,0.007389,-0.4174
2023-02-15,15.4214981,15.43073253,15.15369963,15.25527836,41619655,687500101.16,0.007030999999999999,-1.0778
2023-02-16,15.2368095,15.50460797,14.5903994,14.97824546,98652708,1626368185.17,0.016666,-1.816
2023-02-17,14.91360445,15.0521209,14.6827437,14.71968142,57139126,919610282.28,0.009653,-1.7263
2023-02-20,14.87666673,15.31068494,14.71044699,15.30145051,94562138,1543008637.66,0.015975,3.9523
2023-02-21,15.24604393,15.4214981,15.1444652,15.3291538,62475393,1034162902.24,0.010555000000000002,0.1811
2023-02-22,15.21834064,15.3291538,15.08905862,15.17216849,49878611,820448707.25,0.008426,-1.0241
2023-02-23,15.2368095,15.49537354,15.17216849,15.25527836,59195238,982343109.35,0.01,0.5478
2023-02-24,15.26451279,15.28298165,14.9597766,15.04288647,45760391,747182105.58,0.007731,-1.3923
2023-02-27,14.91360445,15.02441761,14.85819787,14.93207331,32924583,532222516.9,0.005562,-0.7366
2023-02-28,15.09829305,15.11676191,14.90437002,15.07982419,33253744,540191945.77,0.005618,0.9895
2023-03-01,15.04288647,15.35685709,14.87666673,15.31068494,63349086,1044815639.06,0.010702,1.5309
2023-03-02,15.2368095,15.37532595,15.20910621,15.28298165,38207767,632113397.19,0.006455,-0.1809
2023-03-03,15.3291538,15.48613911,15.19063735,15.43073253,60282462,1003102298.61,0.010184,0.9668
2023-03-06,15.4214981,15.44920139,15.1444652,15.19987178,48872954,806157403.0,0.008257,-1.4961
2023-03-07,15.1444652,15.33838823,14.6827437,14.775088,98406910,1596241361.96,0.016625,-2.7947
2023-03-08,14.70121256,14.80279129,14.61810269,14.775088,35220709,561193192.99,0.0059499999999999996,0.0
2023-03-09,14.775088,14.82126015,14.63657155,14.69197813,26040974,414769981.67,0.004399,-0.5625
2023-03-10,14.57193054,14.64580598,14.4057108,14.41494523,44153465,692225511.48,0.007459,-1.8856
2023-03-13,14.41494523,14.55346168,14.32260093,14.51652396,36931720,578312719.74,0.006239,0.7047
2023-03-14,14.43341409,14.46111738,14.11944347,14.33183536,43512169,673537445.84,0.007351,-1.2723
2023-03-15,14.43341409,14.54422725,14.41494523,14.42417966,33476169,524701521.86,0.005655,0.6443
2023-03-16,14.32260093,14.42417966,14.2210222,14.24872549,27168898,420855934.82,0.00459,-1.2164
2023-03-17,14.36877308,14.62733712,14.36877308,14.45188295,49460394,776767975.43,0.008356,1.4258
2023-03-20,14.45188295,14.61810269,14.30413207,14.36877308,40294183,630945431.73,0.006807,-0.5751
2023-03-21,14.4057108,14.56269611,14.4057108,14.50728953,29229359,458620346.47,0.0049380000000000005,0.964
2023-03-22,14.55346168,14.59963383,14.26719435,14.46111738,50518187,789075326.82,0.008534,-0.3183
2023-03-23,14.38724194,14.58116497,14.35953865,14.58116497,49271749,773380150.11,0.008324,0.8301
2023-03-24,14.5903994,14.6827437,14.36877308,14.50728953,49028430,769914422.25,0.008283,-0.5066
2023-03-27,14.47958624,14.63657155,14.35953865,14.50728953,47061605,739290272.19,0.007951,0.0
2023-03-28,14.57193054,14.58116497,14.34106979,14.39647637,33828757,528610721.8,0.0057150000000000005,-0.7638
2023-03-29,14.39647637,14.44264852,14.23949106,14.28566321,33156848,513574405.04,0.005601,-0.7697
2023-03-30,14.29489764,14.4057108,14.05480246,14.35953865,40645681,626344409.03,0.006867,0.5171
2023-03-31,14.39647637,14.64580598,14.35953865,14.56269611,57456769,905151383.07,0.009707,1.4148
2023-04-03,14.58116497,15.07982419,14.55346168,14.99671432,105567309,1702363637.47,0.017834000000000003,2.9803
2023-04-04,15.03365204,15.19063735,14.98747989,15.13523077,81264729,1328482940.96,0.013729,0.9236
2023-04-06,15.07058976,15.16293406,14.98747989,15.01518318,46326141,755064123.39,0.007826,-0.7932
2023-04-07,14.98747989,15.25527836,14.98747989,15.19063735,55991483,919232573.17,0.009459,1.1685
2023-04-10,15.35685709,15.5138424,15.08905862,15.1444652,79511839,1319328805.61,0.013432999999999999,-0.304
2023-04-11,15.2368095,15.64312442,15.22757507,15.35685709,89067051,1488249290.11,0.015047,1.4024
2023-04-12,15.3291538,15.46767025,15.25527836,15.31991937,50234906,834921000.21,0.008487,-0.2405
2023-04-13,15.2368095,15.29221608,15.0521209,15.13523077,38135596,625728175.97,0.006443,-1.2055
2023-04-14,15.18140292,15.2368095,14.92283888,15.13523077,44599485,728533639.12,0.007534999999999999,0.0
2023-04-17,15.19063735,15.698531,15.06135533,15.67082771,113385591,1903683220.93,0.019155,3.5387
2023-04-18,15.29221608,15.38456038,15.1444652,15.26451279,111694205,1843553039.2,0.01887,-2.5928
2023-04-19,15.19063735,15.19063735,14.5903994,14.71044699,113117456,1816220571.41,0.019110000000000002,-3.6298
2023-04-20,14.62733712,14.71968142,14.46111738,14.67350927,64693986,1021140611.35,0.010929,-0.2511
2023-04-21,14.67350927,14.6827437,14.14714676,14.17485005,72639892,1129354338.12,0.012272,-3.3984
2023-04-24,14.1286779,14.25795992,13.81470728,13.90705158,75164825,1138143010.54,0.012698000000000001,-1.8893
2023-04-25,13.87934829,13.97169259,13.63925311,13.82394171,62050985,926398603.28,0.010483,-0.5976
2023-04-26,13.76853513,13.91628601,13.71312855,13.83317614,40033287,598440777.91,0.006763,0.0668
2023-04-27,13.76853513,13.91628601,13.72236298,13.81470728,47296625,707193738.29,0.00799,-0.1335
2023-04-28,13.88858272,14.24872549,13.86087943,14.16561562,69097402,1053894625.87,0.011673,2.5401
2023-05-04,14.07327132,14.26719435,13.96245816,14.23949106,64917322,994104204.57,0.010967,0.5215
2023-05-05,14.26719435,15.09829305,14.24872549,14.66427484,143042262,2291977007.8,0.024165000000000002,2.9831
2023-05-08,14.66427484,15.21834064,14.56269611,15.02441761,113820252,1840774738.16,0.019229,2.4559
2023-05-09,15.03365204,15.77240644,14.96901103,15.19987178,205688936,3436925050.04,0.034749,1.1678
2023-05-10,15.09829305,15.22757507,14.73815028,14.83049458,91352111,1474856725.67,0.015432999999999999,-2.4301
2023-05-11,14.8674323,14.99671432,14.6827437,14.72891585,42142292,676555736.65,0.0071189999999999995,-0.6849
2023-05-12,14.70121256,14.81202572,14.53499282,14.53499282,42495176,673914712.21,0.007179,-1.3166
2023-05-15,14.53499282,14.775088,14.24872549,14.6827437,57928618,909830320.4,0.009786,1.0165
2023-05-16,14.71968142,14.85819787,14.47958624,14.51652396,38159907,604684269.77,0.0064470000000000005,-1.1321
2023-05-17,14.47958624,14.57193054,14.39647637,14.46111738,28058717,439394737.57,0.004739999999999999,-0.3817
2023-05-18,14.47958624,14.57193054,14.33183536,14.39647637,36109184,565566591.99,0.0060999999999999995,-0.447
2023-05-19,14.36877308,14.38724194,14.17485005,14.19331891,42087477,648704662.95,0.00711,-1.4112
2023-05-22,14.18408448,14.24872549,14.04556803,14.11944347,34850783,533149504.48,0.005888,-0.5205
2023-05-23,14.1286779,14.18408448,13.96245816,13.96245816,33454601,508649624.44,0.005652000000000001,-1.1118
2023-05-24,13.95322373,13.95322373,13.7593007,13.76853513,52305786,783881258.77,0.008836,-1.3889
2023-05-25,13.76853513,13.87934829,13.71312855,13.87011386,41553134,620680281.57,0.007019999999999999,0.7378
2023-05-26,13.87011386,14.0363336,13.78700399,14.02709917,34212790,516435630.35,0.0057799999999999995,1.1318
2023-05-29,14.02709917,14.0363336,13.80547285,13.851645,43891084,659216573.91,0.007415000000000001,-1.2508
2023-05-30,13.83317614,13.86087943,13.63001868,13.82394171,52599241,782143012.46,0.008886,-0.2
2023-05-31,13.78700399,13.79623842,13.6669564,13.7593007,32423338,481936016.12,0.005477999999999999,-0.4676
2023-06-01,13.70389412,13.92552044,13.6669564,13.76853513,37321224,557970439.68,0.006305,0.0671
2023-06-02,13.84241057,13.88858272,13.81470728,13.87934829,30239462,453902164.84,0.005109,0.8048
2023-06-05,13.87011386,13.90705158,13.80547285,13.84241057,23319556,349809174.0,0.00394,-0.2661
2023-06-06,13.86087943,13.91628601,13.64848754,13.70389412,36365141,542963276.95,0.006142999999999999,-1.0007
2023-06-07,13.71312855,13.81470728,13.64848754,13.73159741,21664678,322019708.22,0.00366,0.2022
2023-06-08,13.72236298,13.87934829,13.59308096,13.81470728,35810551,532530643.45,0.00605,0.6052
2023-06-09,13.77776956,13.82394171,13.71312855,13.79623842,23363092,348441907.99,0.003947,-0.1337
2023-06-12,13.7593007,13.77776956,13.6669564,13.72236298,24537716,364665943.99,0.004144999999999999,-0.5355
2023-06-13,13.71312855,13.78700399,13.67619083,13.7593007,26679654,396660817.46,0.004507,0.2692
2023-06-14,13.77776956,13.9439893,13.76853513,13.79623842,39822252,597367724.4,0.006728,0.2685
2023-06-15,13.851645,13.97169259,13.77776956,13.93475487,49433169,743127376.59,0.008350999999999999,1.004
2023-06-16,13.97169259,13.99016145,13.88858272,13.9439893,38251404,577297902.67,0.006462,0.0663
2023-06-19,13.92552044,13.9439893,13.81470728,13.84241057,28541451,428065883.96,0.004822,-0.7285
2023-06-20,13.851645,13.87934829,13.71312855,13.75006627,28739725,428972333.28,0.004855,-0.6671
2023-06-21,13.72236298,13.74083184,13.58384653,13.58384653,34222797,505633253.46,0.005782000000000001,-1.2089
2023-06-26,13.52843995,13.52843995,13.3899235,13.41762679,32729403,476166172.13,0.005528999999999999,-1.2237
2023-06-27,13.43609565,13.50997109,13.3899235,13.50073666,20842462,304159319.76,0.0035210000000000003,0.6194
2023-06-28,13.50997109,13.50997109,13.34375135,13.45456451,19607300,284974604.58,0.003312,-0.342
2023-06-29,13.41762679,13.50073666,13.38068907,13.43609565,14984700,217899257.74,0.002532,-0.1373
2023-06-30,13.44533008,13.64848754,13.44533008,13.58384653,26909239,395786671.4,0.004546,1.0997
2023-07-03,13.58384653,13.77776956,13.58384653,13.71312855,32295007,479230518.17,0.005456,0.9517
2023-07-04,13.70389412,13.7593007,13.64848754,13.70389412,21658620,321252758.67,0.003659,-0.0673
2023-07-05,13.70389412,13.73159741,13.65772197,13.69465969,19328496,286699279.42,0.003265,-0.0674
2023-07-06,13.6669564,13.73159741,13.61154982,13.63925311,17238888,254962814.6,0.002912,-0.4046
2023-07-07,13.63001868,13.7593007,13.55614324,13.69465969,20190126,298884203.85,0.003411,0.4062
2023-07-10,13.70389412,13.76853513,13.68542526,13.71312855,21877100,325105556.85,0.0036959999999999996,0.1349
2023-07-11,13.71312855,13.7593007,13.69465969,13.75006627,16344924,243065532.21,0.002761,0.2694
2023-07-12,13.75006627,13.79623842,13.60231539,13.62078425,22242669,329955334.0,0.003758,-0.9402
2023-07-13,13.6669564,13.84241057,13.63925311,13.80547285,35922766,536583335.22,0.006069,1.3559
2023-07-14,13.82394171,13.84241057,13.73159741,13.75006627,21013708,313302151.7,0.0035499999999999998,-0.4013
2023-07-17,13.72236298,13.72236298,13.61154982,13.6669564,19071586,281818795.32,0.003222,-0.6044
2023-07-18,13.72236298,13.7593007,13.62078425,13.70389412,16869666,250369035.39,0.0028499999999999997,0.2703
2023-07-19,13.68542526,13.77776956,13.65772197,13.7593007,23778016,353538056.76,0.004017,0.4043
2023-07-20,13.79623842,13.82394171,13.63001868,13.64848754,24063161,357741682.83,0.004065,-0.8054
2023-07-21,13.62078425,13.71312855,13.61154982,13.64848754,15181424,224465656.57,0.002565,0.0
2023-07-24,13.61154982,13.64848754,13.50073666,13.56537767,17912492,263325642.38,0.0030259999999999996,-0.6089
2023-07-25,14.00863031,14.15638119,13.851645,14.06403689,123308230,1871695636.18,0.020832000000000003,3.676
2023-07-26,14.01786474,14.13791233,13.95322373,14.08250575,54536204,829387853.22,0.009213,0.1313
2023-07-27,14.08250575,14.24872549,14.01786474,14.0363336,45670052,698331062.66,0.007715,-0.3279
2023-07-28,14.01786474,14.92283888,13.99939588,14.82126015,182212354,2880024157.9,0.030783,5.5921
2023-07-31,14.91360445,15.36609152,14.91360445,15.12599634,199323204,3275737865.53,0.033673,2.0561
2023-08-01,14.94130774,15.30145051,14.89513559,14.97824546,97718618,1596078619.55,0.016508000000000002,-0.9768
2023-08-02,14.98747989,15.30145051,14.8674323,14.95054217,84837332,1383199190.65,0.014332000000000001,-0.185
2023-08-03,15.0521209,15.40302924,14.76585357,15.36609152,132371625,2172228079.84,0.022363,2.7795
2023-08-04,15.698531,16.02173605,15.43996696,15.50460797,223816168,3813724694.94,0.037811,0.9014
2023-08-07,15.2368095,15.4214981,15.1444652,15.33838823,81388127,1347564166.91,0.01375,-1.0721
2023-08-08,15.26451279,15.68006214,14.94130774,15.38456038,95044095,1579039932.96,0.016057,0.301
2023-08-09,15.25527836,15.48613911,15.24604393,15.31068494,58296396,969534426.82,0.009849,-0.4802
2023-08-10,15.37532595,15.58771784,15.31991937,15.50460797,75998303,1271706558.18,0.012839,1.2666
2023-08-11,15.57063053,15.91014761,15.1839583,15.20282036,121236744,1988212548.71,0.020482,-1.9465
2023-08-14,14.77842401,15.25940654,14.67468268,15.06135491,77303908,1232390242.11,0.01306,-0.9305
2023-08-15,14.98590667,15.28769963,14.97647564,15.19338933,48726281,782200786.09,0.008232,0.8766
2023-08-16,15.04249285,15.50461332,14.91045843,15.12737212,63797851,1029899406.38,0.010778000000000001,-0.4345
2023-08-17,15.28769963,15.28769963,14.82557916,15.07078594,67682734,1077761637.88,0.011434,-0.3741
2023-08-18,15.23111345,15.33485478,14.91045843,14.94818255,48506263,777276813.77,0.008195000000000001,-0.8135
2023-08-21,14.83501019,14.86330328,14.44833796,14.47663105,64905310,1007001951.06,0.010965,-3.1546
2023-08-22,14.48606208,14.66525165,14.34459663,14.53321723,61704490,949514853.41,0.010424,0.3909
2023-08-23,14.51435517,14.5237862,14.2408553,14.25971736,45006613,684627655.57,0.0076029999999999995,-1.8819
2023-08-24,14.38232075,14.57094135,14.29744148,14.31630354,50550471,772402613.1,0.008539999999999999,0.3968
2023-08-25,14.25028633,14.51435517,14.25028633,14.39175178,44438758,678733325.14,0.007507000000000001,0.527
2023-08-28,15.82526834,15.82526834,14.65582062,14.67468268,173991999,2812077079.52,0.029394,1.9659
2023-08-29,14.5237862,14.79728607,14.28801045,14.67468268,92994281,1434574236.54,0.01571,0.0
2023-08-30,14.67468268,14.8067171,14.44833796,14.44833796,62209751,961957925.86,0.010509999999999999,-1.5424
2023-08-31,14.45776899,14.55207929,14.20313118,14.20313118,52761295,801280335.72,0.008912999999999999,-1.6971
2023-09-01,14.27857942,14.40118281,14.25028633,14.31630354,38979355,591728997.69,0.006585,0.7968
2023-09-04,14.3351656,14.54264826,14.26914839,14.47663105,48558330,743026199.95,0.008203,1.1199
2023-09-05,14.4294759,14.4294759,14.28801045,14.31630354,32955862,501014439.71,0.005568,-1.1075
2023-09-06,14.26914839,14.31630354,14.19370015,14.26914839,30169686,456443195.18,0.005097000000000001,-0.3294
2023-09-07,14.27857942,14.31630354,14.07109676,14.12768294,41001927,617418503.19,0.006927,-0.9914
2023-09-08,14.07109676,14.19370015,14.01451058,14.17483809,26027655,389172411.29,0.004397,0.3338
2023-09-11,14.21256221,14.44833796,14.15597603,14.35402766,55985442,850115704.42,0.009458,1.2641
2023-09-12,14.3351656,14.37288972,14.30687251,14.34459663,20557060,312537981.21,0.003473,-0.0657
2023-09-13,14.36345869,14.36345869,14.10882088,14.146545,32134750,483410576.83,0.005429000000000001,-1.3807
2023-09-14,14.146545,14.25028633,14.09938985,14.20313118,23882053,358890676.04,0.004035,0.4
2023-09-15,14.2408553,14.27857942,14.06166573,14.09938985,35207615,528792944.65,0.005948,-0.7304
2023-09-18,14.07109676,14.13711397,13.99564852,14.10882088,22400600,334390677.0,0.003784,0.0669
2023-09-19,14.10882088,14.12768294,14.00507955,14.04280367,28082710,418582896.63,0.004744,-0.4679
2023-09-20,14.02394161,14.0522347,13.96735543,13.96735543,21234708,315206456.32,0.0035870000000000003,-0.5373
2023-09-21,13.96735543,14.01451058,13.87304513,13.87304513,25242592,372901097.5,0.004264,-0.6752
2023-09-22,13.8636141,14.16540706,13.8636141,14.146545,38386044,572262567.19,0.0064849999999999994,1.9714
2023-09-25,14.11825191,14.11825191,13.92963131,13.9579244,30660375,454673139.71,0.005180000000000001,-1.3333
2023-09-26,13.9579244,14.01451058,13.87304513,13.87304513,24046751,354765232.85,0.004062,-0.6081
2023-09-27,13.88247616,13.9579244,13.87304513,13.92020028,18951983,279544955.74,0.003202,0.3399
2023-09-28,13.94849337,13.99564852,13.77873483,13.83532101,32561991,477752932.72,0.005501000000000001,-0.6098
2023-10-09,13.82588998,13.8636141,13.6749935,13.80702792,33602833,490581557.13,0.005677,-0.2045
2023-10-10,13.8636141,13.92963131,13.77873483,13.79759689,21047741,308931721.87,0.003556,-0.0683
2023-10-11,13.85418307,13.88247616,13.70328659,13.75044174,24119896,352691952.79,0.004075,-0.3418
2023-10-12,13.8636141,13.92963131,13.81645895,13.88247616,26593266,390951420.59,0.004493,0.9602
2023-10-13,13.80702792,13.81645895,13.75044174,13.7693038,18188449,265650636.04,0.003073,-0.8152
2023-10-16,13.78816586,13.81645895,13.53352805,13.59954526,43312025,627432112.11,0.007317000000000001,-1.2329
2023-10-17,13.65613144,13.83532101,13.5806832,13.81645895,31365909,457299763.22,0.005299000000000001,1.595
2023-10-18,13.79759689,13.9579244,13.74101071,13.81645895,31619595,464511413.4,0.005342,0.0
2023-10-19,13.7693038,13.87304513,13.64670041,13.65613144,32896146,479081734.6,0.0055569999999999994,-1.1604
2023-10-20,13.62783835,13.80702792,13.59011423,13.70328659,25340928,368380693.72,0.004281,0.3453
2023-10-23,13.6749935,13.6749935,13.3920626,13.46751084,32919259,471007095.82,0.005561,-1.7206
2023-10-24,13.4863729,13.75987277,13.43921775,13.70328659,37534785,540835190.74,0.006341,1.7507
2023-10-25,13.75987277,13.8636141,13.73157968,13.80702792,36088512,528159357.18,0.006097,0.7571
2023-10-26,13.71271762,13.78816586,13.64670041,13.7693038,24262018,353193085.84,0.004099,-0.2732
2023-10-27,13.74101071,14.00507955,13.69385556,13.9579244,37582363,553082359.24,0.0063490000000000005,1.3699
2023-10-30,13.8636141,13.97678646,13.83532101,13.9579244,29840717,439994642.79,0.005041,0.0
2023-10-31,13.89190719,14.0522347,13.89190719,13.99564852,30368631,450178056.95,0.00513,0.2703
2023-11-01,14.06166573,14.09938985,13.88247616,13.92020028,25307434,374741661.18,0.004275,-0.5391
2023-11-02,13.92020028,13.99564852,13.80702792,13.81645895,19854038,292300780.12,0.0033539999999999998,-0.7453
2023-11-03,13.8636141,14.00507955,13.81645895,13.9579244,25359145,374494713.45,0.004284,1.0239
2023-11-06,14.22199324,14.3351656,14.11825191,14.27857942,75244752,1135673278.15,0.012712000000000001,2.2973
2023-11-07,14.21256221,14.29744148,14.18426912,14.25971736,41418430,625555951.11,0.006997,-0.1321
2023-11-08,14.25971736,14.26914839,14.0522347,14.13711397,34117843,511923426.68,0.005764,-0.8598
2023-11-09,14.11825191,14.15597603,14.01451058,14.0522347,22711801,338697080.87,0.0038369999999999997,-0.6004
2023-11-10,14.00507955,14.09938985,13.93906234,14.01451058,21096379,313418667.87,0.003564,-0.2685
2023-11-13,14.01451058,14.04280367,13.91076925,13.96735543,20737680,306898305.15,0.003503,-0.3365
2023-11-14,13.98621749,14.21256221,13.97678646,14.04280367,48197754,719208357.46,0.008142,0.5402
2023-11-15,14.146545,14.19370015,14.02394161,14.0522347,38110693,569661856.15,0.006438,0.0672
2023-11-16,14.0522347,14.13711397,13.93906234,13.93906234,29863536,444109572.68,0.005044999999999999,-0.8054
2023-11-17,13.9579244,13.99564852,13.90133822,13.96735543,23059471,340817108.96,0.003896,0.203
2023-11-20,13.96735543,14.00507955,13.82588998,13.98621749,25876964,382184736.47,0.004372,0.135
2023-11-21,13.99564852,14.19370015,13.99564852,14.02394161,43647097,652578405.2,0.007374,0.2697
2023-11-22,14.00507955,14.03337264,13.87304513,13.89190719,23873909,353138563.09,0.004033,-0.9415
2023-11-23,13.93906234,13.94849337,13.75044174,13.8636141,33914500,497472513.0,0.005729,-0.2037
2023-11-24,13.82588998,13.84475204,13.70328659,13.73157968,26203727,382374220.34,0.0044269999999999995,-0.9524
2023-11-27,13.72214865,13.72214865,13.56182114,13.6749935,25984764,375565129.86,0.00439,-0.4121
2023-11-28,13.66556247,13.72214865,13.61840732,13.68442453,15968565,231545069.27,0.002698,0.069
2023-11-29,13.6749935,13.72214865,13.51466599,13.56182114,21100691,304044283.67,0.003565,-0.8959
2023-11-30,13.54295908,13.63726938,13.53352805,13.59011423,19788033,285259926.56,0.003343,0.2086
2023-12-01,13.57125217,13.70328659,13.56182114,13.68442453,21742290,314404547.1,0.003673,0.694
2023-12-04,13.68442453,13.71271762,13.59954526,13.60897629,17777696,257194454.28,0.003003,-0.5513
2023-12-05,13.5806832,13.59011423,13.41092466,13.42035569,27144300,388383201.21,0.004586,-1.386
2023-12-06,13.41092466,13.46751084,13.36376951,13.41092466,21505273,305854654.56,0.003633,-0.0703
2023-12-07,13.41092466,13.53352805,13.37320054,13.44864878,21869979,312025728.96,0.003695,0.2813
2023-12-08,13.47694187,13.47694187,13.40149363,13.41092466,16006326,228073837.72,0.002704,-0.2805
2023-12-11,13.3920626,13.5806832,13.24116612,13.52409702,31571882,448673008.44,0.005334,0.8439
2023-12-12,13.50523496,13.55239011,13.44864878,13.4863729,17897920,256155116.92,0.003024,-0.2789
2023-12-13,13.4863729,13.54295908,13.37320054,13.41092466,20784493,296423359.37,0.0035110000000000002,-0.5594
2023-12-14,13.4863729,13.52409702,13.37320054,13.40149363,14609934,208117579.47,0.0024679999999999997,-0.0703
2023-12-15,13.41092466,13.49580393,13.38263157,13.38263157,17281274,246089242.17,0.0029189999999999997,-0.1407
2023-12-18,13.36376951,13.42035569,13.26002818,13.28832127,18929456,267481335.01,0.003198,-0.7047
2023-12-19,13.28832127,13.38263157,13.23173509,13.33547642,17587111,248080639.99,0.0029709999999999997,0.3549
2023-12-20,13.32604539,13.35433848,13.15628685,13.18457994,24840600,348863285.0,0.004197,-1.1315
2023-12-21,13.14685582,13.30718333,13.11856273,13.26002818,17045700,239012205.79,0.0028799999999999997,0.5722
2023-12-22,13.27889024,13.43921775,13.22230406,13.33547642,19443766,275005043.04,0.003285,0.569
2023-12-25,13.31661436,13.35433848,13.27889024,13.31661436,9822529,138675990.77,0.0016589999999999999,-0.1414
2023-12-26,13.30718333,13.31661436,13.16571788,13.17514891,13247887,185494381.46,0.002238,-1.0623
2023-12-27,13.18457994,13.2977523,13.04311449,13.23173509,18099205,252787699.44,0.003058,0.4295
2023-12-28,13.203442,13.51466599,13.203442,13.44864878,31103843,442243419.12,0.005254999999999999,1.6393
2023-12-29,13.44864878,13.49580393,13.41092466,13.47694187,17031301,243133250.97,0.0028770000000000002,0.2104
2024-01-02,13.4863729,13.54295908,13.3920626,13.3920626,19121971,272864925.33,0.0032300000000000002,-0.6298
2024-01-03,13.37320054,13.42978672,13.28832127,13.36376951,15805548,223820548.44,0.00267,-0.2113
2024-01-04,13.33547642,13.41092466,13.17514891,13.2977523,22123820,311846925.11,0.003738,-0.494
2024-01-05,13.28832127,13.42978672,13.19401097,13.30718333,21250056,300103607.02,0.00359,0.0709
2024-01-08,13.25059715,13.26945921,13.12799376,13.14685582,18362929,256626139.76,0.0031019999999999997,-1.2048
2024-01-09,13.19401097,13.203442,13.06197655,13.1091317,14485945,201729161.06,0.002447,-0.2869
2024-01-10,13.04311449,13.21287303,12.96766625,13.03368346,21360526,296018259.24,0.003609,-0.5755
2024-01-11,13.02425243,13.18457994,13.0148214,13.14685582,12642439,175894018.66,0.0021360000000000003,0.8683
2024-01-12,13.13742479,13.23173509,13.08083861,13.11856273,14482257,201992853.35,0.002447,-0.2152
2024-01-15,13.07140758,13.203442,13.00539037,13.09026964,10846480,150675542.6,0.001832,-0.2157
2024-01-16,13.09026964,13.13742479,12.97709728,13.11856273,19013689,263369262.16,0.003212,0.2161
2024-01-17,13.12799376,13.13742479,12.89221801,12.89221801,22168497,305810824.99,0.003745,-1.7254
2024-01-18,12.8262008,13.06197655,12.62814917,13.03368346,32677669,444398929.64,0.005521000000000001,1.0973
2024-01-19,12.98652831,12.99595934,12.85449389,12.9205111,18725765,256474366.54,0.003164,-0.8683
2024-01-22,12.90164904,12.95823522,12.5432699,12.65644226,28658219,389309721.55,0.004841,-2.0438
2024-01-23,12.66587329,12.86392492,12.50554578,12.7318905,24448958,329206380.3,0.00413,0.5961
2024-01-24,12.83563183,13.24116612,12.61871814,13.13742479,46518033,638700308.88,0.007859,3.1852
2024-01-25,13.05254552,13.31661436,13.0148214,13.27889024,44559501,623345467.99,0.007528,1.0768
2024-01-26,13.18457994,13.36376951,13.16571788,13.28832127,38646275,543991411.66,0.006529,0.071
2024-01-29,13.26945921,13.34490745,13.13742479,13.14685582,26474984,372060847.54,0.0044729999999999995,-1.0646
2024-01-30,13.09970067,13.22230406,12.97709728,12.98652831,23386612,325244237.73,0.003951,-1.2195
2024-01-31,12.99595934,13.09026964,12.8262008,12.9205111,25526159,350959960.0,0.004312,-0.5084
2024-02-01,12.9205111,13.0148214,12.75075256,12.79790771,28976892,395578626.0,0.004895,-0.9489
2024-02-02,12.81676977,12.85449389,12.19432179,12.60928711,40791669,544572119.95,0.006891,-1.4738
2024-02-05,12.4489596,12.62814917,12.0717184,12.38294239,40908693,537810280.84,0.0069110000000000005,-1.7951
2024-02-06,12.33578724,13.0148214,12.28863209,12.94880419,42804283,578596314.25,0.007231,4.5697
2024-02-07,12.91108007,13.14685582,12.88278698,13.08083861,42523760,588258003.83,0.007184,1.0197
2024-02-08,13.13742479,13.30718333,13.11856273,13.16571788,43829750,613726289.28,0.007405,0.6489
2024-02-19,13.19401097,13.19401097,12.99595934,13.1091317,36001996,499961038.77,0.006082,-0.4298
2024-02-20,13.09026964,13.24116612,13.0148214,13.17514891,34168790,475855088.42,0.005772,0.5036
2024-02-21,13.1091317,13.47694187,13.05254552,13.31661436,59447540,839786932.9,0.010043,1.0737
2024-02-22,13.26002818,13.43921775,13.23173509,13.3920626,36421653,515394775.47,0.006153,0.5666
2024-02-23,13.40149363,13.44864878,13.33547642,13.37320054,33134031,470498715.89,0.005598,-0.1408
2024-02-26,13.35433848,13.41092466,13.24116612,13.25059715,27261200,385108515.0,0.004605000000000001,-0.9168
2024-02-27,13.31661436,13.3920626,13.24116612,13.3920626,30140762,425992689.22,0.005092,1.0676
2024-02-28,13.43921775,13.60897629,13.17514891,13.17514891,61048045,868644139.08,0.010313000000000001,-1.6197
2024-02-29,13.12799376,13.37320054,13.11856273,13.37320054,54072679,758387579.82,0.009134999999999999,1.5032
2024-03-01,13.34490745,13.45807981,13.26945921,13.41092466,50324692,712522792.24,0.008502,0.2821
2024-03-04,13.43921775,13.43921775,13.25059715,13.30718333,25945584,366276566.62,0.004383000000000001,-0.7736
2024-03-05,13.27889024,13.31661436,13.18457994,13.25059715,29415416,412984763.57,0.004969,-0.4252
2024-03-06,13.25059715,13.32604539,13.12799376,13.17514891,28641441,401300897.5,0.0048389999999999996,-0.5694
2024-03-07,13.19401097,13.2977523,13.08083861,13.1091317,34730109,485351965.57,0.005867,-0.5011
2024-03-08,13.12799376,13.17514891,13.02425243,13.12799376,22421427,311326687.17,0.003788,0.1439
2024-03-11,13.11856273,13.25059715,13.09970067,13.25059715,26685124,373586360.71,0.004508,0.9339
2024-03-12,13.26945921,13.40149363,13.25059715,13.33547642,33664308,475553766.01,0.005687,0.6406
2024-03-13,13.33547642,13.34490745,13.19401097,13.22230406,22199956,312072873.2,0.00375,-0.8487
2024-03-14,13.19401097,13.25059715,13.09026964,13.13742479,23807024,332488573.58,0.004022,-0.6419
2024-03-15,13.1091317,13.203442,13.04311449,13.18457994,22524939,313233751.04,0.0038050000000000002,0.3589
2024-03-18,13.23173509,13.4863729,13.22230406,13.40149363,45587601,646228218.96,0.007702,1.6452
2024-03-19,13.3920626,13.3920626,13.21287303,13.22230406,28426685,400383821.38,0.004802,-1.3371
2024-03-20,13.22230406,13.26945921,13.13742479,13.25059715,24230106,339343759.0,0.004093,0.214
2024-03-21,13.26002818,13.38263157,13.23173509,13.26002818,24908500,350999430.54,0.004208,0.0712
2024-03-22,13.22230406,13.25059715,13.04311449,13.06197655,29460255,409749015.32,0.004977,-1.4936
2024-03-25,12.92994213,12.94880419,12.74132153,12.76961462,33719447,458889332.57,0.005697,-2.2383
2024-03-26,12.74132153,12.87335595,12.74132153,12.85449389,19481250,264395958.27,0.003291,0.6647
2024-03-27,12.83563183,12.90164904,12.67530432,12.68473535,19960795,270736186.74,0.003372,-1.3206
2024-03-28,12.69416638,12.76961462,12.56213196,12.65644226,28882547,388042288.97,0.004879,-0.223
2024-03-29,12.5432699,12.61871814,12.48668372,12.59042505,25662180,341466561.38,0.004335,-0.5216
2024-04-01,12.77904565,12.77904565,12.64701123,12.69416638,28513252,383488345.02,0.004817,0.824
2024-04-02,12.69416638,12.74132153,12.55270093,12.59985608,28119815,376066923.73,0.004751,-0.7429
2024-04-03,12.58099402,12.59985608,12.42066651,12.45839063,30970755,409945558.94,0.005232,-1.1228
2024-04-08,12.39237342,12.45839063,12.26977003,12.3546493,24327090,318995740.84,0.00411,-0.8327
2024-04-09,12.36408033,12.43009754,12.34521827,12.43009754,14454297,190046088.82,0.002442,0.6107
2024-04-10,12.41123548,12.43009754,12.24147694,12.29806312,21736533,283962144.02,0.0036720000000000004,-1.0622
2024-04-11,12.25090797,12.32635621,12.20375282,12.23204591,20745548,269960854.88,0.003505,-0.5368
2024-04-12,12.24147694,12.260339,11.99627016,12.01513222,32836856,420895855.39,0.005547,-1.7733
2024-04-15,11.9774081,12.28863209,11.8830978,12.15659767,36883400,473558654.04,0.0062309999999999996,1.1774
2024-04-16,12.0717184,12.17545973,12.01513222,12.04342531,24325464,311593440.97,0.00411,-0.931
2024-04-17,12.04342531,12.25090797,12.02456325,12.24147694,25475148,328297586.83,0.004304,1.6445
2024-04-18,12.22261488,12.43952857,12.19432179,12.29806312,31165503,407436649.96,0.005265,0.4622
2024-04-19,12.24147694,12.30749415,12.14716664,12.17545973,20379045,264090936.38,0.003443,-0.9969
2024-04-22,12.19432179,12.27920106,12.13773561,12.18489076,15774543,204020486.96,0.0026650000000000003,0.0775
2024-04-23,12.18489076,12.23204591,12.14716664,12.1660287,14376471,185577350.48,0.002429,-0.1548
2024-04-24,12.1660287,12.19432179,12.08114943,12.1660287,13552922,174346704.41,0.00229,0.0
2024-04-25,12.13773561,12.21318385,12.09058046,12.14716664,12605885,162380014.78,0.00213,-0.155
2024-04-26,12.32635621,12.72245947,12.260339,12.64701123,74348975,984018365.16,0.01256,4.1149
2024-04-29,12.57156299,12.81676977,12.5432699,12.66587329,67476084,907642988.35,0.011399,0.1491
2024-04-30,12.62814917,12.6375802,12.43009754,12.45839063,35120838,465753187.2,0.005933000000000001,-1.6381
2024-05-06,12.60928711,12.69416638,12.51497681,12.5432699,38095870,508638640.15,0.006436,0.6813
2024-05-07,12.55270093,12.55270093,12.43952857,12.51497681,25721322,340958940.62,0.004345,-0.2256
2024-05-08,12.46782166,12.49611475,12.3546493,12.36408033,22926556,301697067.25,0.0038729999999999997,-1.2057
2024-05-09,12.32635621,12.47725269,12.31692518,12.42066651,26465298,348342603.46,0.004471,0.4577
2024-05-10,12.39237342,12.49611475,12.3546493,12.45839063,29661884,390412480.0,0.005011,0.3037
2024-05-13,12.39237342,12.49611475,12.29806312,12.43952857,26545716,348991419.86,0.004485,-0.1514
2024-05-14,12.43952857,12.46782166,12.38294239,12.45839063,19297333,254272145.01,0.0032600000000000003,0.1516
2024-05-15,12.52440784,12.53383887,12.260339,12.28863209,31487960,412769008.59,0.00532,-1.3626
2024-05-16,12.28863209,12.3546493,12.26977003,12.29806312,21259155,277521141.3,0.003592,0.0767
2024-05-17,12.28863209,12.48668372,12.26977003,12.47725269,28055427,368449426.08,0.004739999999999999,1.4571
2024-05-20,12.47725269,12.64701123,12.45839063,12.53383887,37770516,503009294.05,0.006381,0.4535
2024-05-21,12.49611475,12.53383887,12.41123548,12.46782166,18339516,242352754.52,0.003098,-0.5267
2024-05-22,12.4489596,12.50554578,12.39237342,12.46782166,16544631,218565706.23,0.002795,0.0
2024-05-23,12.4489596,12.4489596,12.26977003,12.28863209,26059284,340871181.36,0.004402,-1.4372
2024-05-24,12.26977003,12.31692518,12.15659767,12.1660287,22985553,298233051.76,0.0038829999999999997,-0.9977
2024-05-27,12.17545973,12.260339,12.12830458,12.24147694,16696659,215765344.41,0.002821,0.6202
2024-05-28,12.22261488,12.25090797,12.12830458,12.13773561,15634216,201789743.17,0.002641,-0.8475
2024-05-29,12.11887355,12.24147694,12.11887355,12.1660287,13201652,170452582.15,0.00223,0.2331
2024-05-30,12.13773561,12.19432179,12.09058046,12.13773561,13929598,179251359.14,0.002353,-0.2326
2024-05-31,12.13773561,12.19432179,12.10944252,12.13773561,12130457,156428367.64,0.002049,0.0
2024-06-03,12.13773561,12.15659767,12.00570119,12.0717184,18586032,237740061.9,0.00314,-0.5439
2024-06-04,12.04342531,12.11887355,12.04342531,12.10001149,12772203,163686564.67,0.0021579999999999998,0.2344
2024-06-05,12.10001149,12.13773561,12.03399428,12.06228737,11799065,151199321.92,0.001993,-0.3118
2024-06-06,12.06228737,12.10001149,11.79821853,11.80764956,31045815,392027618.7,0.005245,-2.111
2024-06-07,11.81708059,11.90195986,11.56244278,11.76049441,30867379,383517472.07,0.005215,-0.3994
2024-06-11,11.68504617,11.83594265,11.64732205,11.72277029,19112801,238084672.23,0.003229,-0.3208
2024-06-12,11.71333926,11.79821853,11.70390823,11.76992544,13601044,169660577.84,0.002298,0.4023
2024-06-13,11.79821853,11.93968398,11.77935647,11.84537368,20813874,261828572.17,0.003516,0.641
2024-06-14,11.83594265,12.09058046,11.82651162,11.98683913,29723133,376601305.16,0.005021,1.1943
2024-06-17,11.93968398,12.02456325,11.89252883,11.99627016,16107411,204667701.84,0.002721,0.0787
2024-06-18,11.99627016,12.09058046,11.98683913,12.00570119,13825538,176365131.9,0.002336,0.0786
2024-06-19,12.01513222,12.05285634,11.91139089,11.91139089,10904059,138416626.56,0.001842,-0.7855
2024-06-20,11.90195986,11.93968398,11.76049441,11.77935647,15370534,192772929.85,0.002597,-1.1085
2024-06-21,11.79821853,11.86423574,11.75106338,11.76992544,11134144,139229172.56,0.0018809999999999999,-0.0801
2024-06-24,11.75106338,11.79821853,11.68504617,11.6944772,14431561,179517536.66,0.002438,-0.641
2024-06-25,11.6944772,11.76049441,11.45870145,11.55301175,20364439,250172482.38,0.00344,-1.2097
2024-06-26,11.54358072,11.67561514,11.46813248,11.64732205,14972625,183678849.06,0.002529,0.8163
2024-06-27,11.61902896,11.70390823,11.57187381,11.6001669,13136519,161841197.25,0.002219,-0.4049
2024-06-28,11.59073587,11.70390823,11.46813248,11.47756351,21717296,266890734.01,0.003669,-1.0569
2024-07-01,11.45870145,11.55301175,11.317236,11.5058566,19853006,240725839.67,0.0033539999999999998,0.2465
2024-07-02,11.48699454,11.61902896,11.47756351,11.52471866,14466565,177230763.6,0.002444,0.1639
2024-07-03,11.64074156,11.64074156,11.45704215,11.52472088,15479790,184438801.18,0.002615,0.0
2024-07-04,11.5053841,11.57306283,11.29267952,11.30234791,17514324,206635535.24,0.002959,-1.9295
2024-07-05,11.32168469,11.34102147,11.15732206,11.23466918,17178565,199668207.25,0.002902,-0.5988
2024-07-08,11.23466918,11.23466918,10.79959163,10.87693875,24955650,282844934.15,0.004216,-3.1842
2024-07-09,10.87693875,11.05096977,10.76091807,11.0219646,20671470,233324599.02,0.0034920000000000003,1.3333
2024-07-10,10.97362265,11.48604732,10.95428587,11.30234791,32898153,384274474.61,0.005558,2.5439
2024-07-11,11.39903181,11.55372605,11.34102147,11.47637893,21419305,254325969.7,0.003619,1.5398
2024-07-12,11.48604732,11.5053841,11.36035825,11.42803698,12416868,146744418.69,0.002098,-0.4212
2024-07-15,11.4087002,11.47637893,11.37002664,11.44737376,11197838,132553662.92,0.001892,0.1692
2024-07-16,11.46671054,11.58273122,11.43770537,11.58273122,16088360,192057204.93,0.002718,1.1824
2024-07-17,11.54405766,11.71808868,11.54405766,11.67941512,19252636,232071064.94,0.003253,0.8347
2024-07-18,11.66007834,11.6987519,11.54405766,11.67941512,17180365,207025483.17,0.002902,0.0
2024-07-19,11.65040995,11.82444097,11.62140478,11.80510419,21087879,256320713.74,0.003563,1.0762
2024-07-22,11.84377775,11.93079326,11.66974673,11.77609902,24218800,295450527.76,0.004092,-0.2457
2024-07-23,11.73742546,11.85344614,11.61173639,11.63107317,18575803,225929223.15,0.003138,-1.2315
2024-07-24,11.63107317,11.68908351,11.53438927,11.58273122,16141638,193729040.29,0.002727,-0.4156
2024-07-25,11.55372605,11.72775707,11.53438927,11.67941512,15505706,187006637.78,0.00262,0.8347
2024-07-26,11.70842029,11.88245131,11.70842029,11.82444097,16110675,196675696.55,0.002722,1.2417
2024-07-29,11.77609902,11.8921197,11.75676224,11.76643063,13380540,163736310.14,0.00226,-0.4906
2024-07-30,11.75676224,11.83410936,11.70842029,11.74709385,13247333,161055975.76,0.002238,-0.1643
2024-07-31,11.74709385,12.26918691,11.73742546,12.14349784,47674433,595942059.49,0.008054,3.3745
2024-08-01,12.0854875,12.16283462,12.00814038,12.10482428,26847937,336157498.6,0.004536,-0.3185
2024-08-02,12.03714555,12.11449267,11.86311453,11.8921197,20812816,257627418.86,0.003516,-1.7572
2024-08-05,11.87278292,12.03714555,11.80510419,11.80510419,26687156,328558330.23,0.004509,-0.7317
2024-08-06,11.88245131,11.94046165,11.67941512,11.75676224,17907156,218100941.23,0.003025,-0.4095
2024-08-07,11.77609902,11.83410936,11.70842029,11.73742546,11670498,141797446.22,0.001972,-0.1645
2024-08-08,11.70842029,11.88245131,11.68908351,11.73742546,15087300,183592517.35,0.002549,0.0
2024-08-09,11.7954358,11.83410936,11.66007834,11.66974673,13686520,166004274.8,0.002312,-0.5766
2024-08-12,11.63107317,11.66007834,11.56339444,11.602068,12529113,150303089.74,0.002117,-0.58
2024-08-13,11.602068,11.66974673,11.51505249,11.66007834,12173713,145896877.0,0.002057,0.5
2024-08-14,11.65040995,11.67941512,11.53438927,11.54405766,8714916,104420335.04,0.001472,-0.995
2024-08-15,11.51505249,11.70842029,11.48604732,11.63107317,18017150,216788169.58,0.003044,0.7538
2024-08-16,11.61173639,11.66007834,11.57306283,11.58273122,10360251,124337946.73,0.0017499999999999998,-0.4156
2024-08-19,11.56339444,11.71808868,11.55372605,11.61173639,13166488,158584758.88,0.002224,0.2504
2024-08-20,11.63107317,11.66007834,11.5053841,11.52472088,14220588,170032098.02,0.002402,-0.7494
2024-08-21,11.5053841,11.59239961,11.4087002,11.42803698,13479029,160076391.49,0.002277,-0.8389
2024-08-22,11.43770537,11.49571571,11.2153324,11.25400596,15278200,179160983.0,0.002581,-1.5228
2024-08-23,11.22500079,11.45704215,11.2153324,11.35068986,12639637,147998279.38,0.0021349999999999997,0.8591
2024-08-26,11.36035825,11.47637893,11.32168469,11.38936342,11961437,140963882.49,0.0020210000000000002,0.3407
2024-08-27,11.37002664,11.38936342,11.16699045,11.24433757,12584900,146282006.99,0.0021260000000000003,-1.2733
2024-08-28,11.2153324,11.27334274,11.1186485,11.13798528,13226228,152991264.52,0.002234,-0.9458
2024-08-29,11.13798528,11.27334274,11.1186485,11.14765367,18445873,213729896.31,0.003116,0.0868
2024-08-30,11.14765367,11.52472088,11.13798528,11.44737376,34301518,404163885.64,0.005795,2.6886
2024-09-02,11.81477258,11.97913521,11.66974673,11.68908351,57694727,704753039.74,0.009747,2.1115
2024-09-03,11.6987519,11.93079326,11.6987519,11.93079326,33700119,412536036.72,0.005693,2.0678
2024-09-04,11.90178809,12.01780877,11.80510419,11.83410936,22434423,275980142.06,0.00379,-0.8104
2024-09-05,11.87278292,11.92112487,11.80510419,11.90178809,17822242,218882756.18,0.003011,0.5719
2024-09-06,12.0854875,12.13382945,11.88245131,11.88245131,29552900,366669573.4,0.004993,-0.1625
2024-09-09,11.80510419,11.96946682,11.75676224,11.85344614,22364738,274872651.63,0.003778,-0.2441
2024-09-10,11.85344614,11.92112487,11.74709385,11.88245131,16391656,200566279.43,0.0027689999999999998,0.2447
2024-09-11,11.87278292,11.96946682,11.81477258,11.87278292,13715700,168578373.0,0.002317,-0.0814
2024-09-12,11.83410936,11.94046165,11.82444097,11.88245131,13076900,160709368.3,0.002209,0.0814
2024-09-13,11.92112487,12.01780877,11.84377775,11.94046165,21702408,268276641.86,0.003666,0.4882
2024-09-18,11.87278292,11.95979843,11.75676224,11.88245131,17139254,210169139.65,0.002895,-0.4858
2024-09-19,11.94046165,12.11449267,11.84377775,11.95979843,26851155,332725679.65,0.004536,0.6509
2024-09-20,11.94046165,11.99847199,11.86311453,11.95979843,20287345,250362911.33,0.003427,0.0
2024-09-23,11.95979843,12.11449267,11.8921197,12.04681394,22570100,280748581.3,0.0038129999999999995,0.7276
2024-09-24,12.20150818,12.60758056,12.07581911,12.55923861,77918293,999368708.05,0.013163000000000001,4.2536
2024-09-25,12.75260641,13.17801557,12.75260641,12.88796387,104439382,1401634354.03,0.017644,2.6174
2024-09-26,12.8589587,13.46806727,12.81061675,13.45839888,97875912,1332893794.19,0.016535,4.4261
2024-09-27,13.70977702,14.6959528,13.70010863,14.67661602,201225292,2948872942.07,0.033995000000000004,9.0517
2024-09-30,16.03019062,16.1462113,15.47909239,16.1462113,304467182,5030062153.46,0.051436,10.0132
2024-10-08,17.76083243,17.76083243,16.5329469,17.76083243,218021317,3985049411.16,0.036832,10.0
2024-10-09,17.76083243,17.9832054,16.15587969,16.42659461,412782077,7306779623.97,0.06973499999999999,-7.5122
2024-10-10,16.51361012,16.70697792,15.58544468,15.83682282,203855232,3375974667.67,0.034439000000000004,-3.5903
2024-10-11,15.63378663,15.77881248,15.16003552,15.33406654,144172880,2306171032.79,0.024356,-3.1746
2024-10-14,15.36307171,15.5661079,14.81197348,15.42108205,120697436,1901454107.13,0.020391,0.5675
2024-10-15,15.34373493,15.469424,14.8893206,14.90865738,83267998,1309848862.95,0.014067000000000001,-3.3229
2024-10-16,14.6959528,15.22771425,14.68628441,14.95699933,74979313,1160458835.48,0.012667,0.3243
2024-10-17,15.03434645,15.33406654,14.8893206,14.90865738,63621425,994605062.3,0.010748,-0.3232
2024-10-18,14.83131026,16.21389003,14.77329992,15.69179697,156699194,2501502062.97,0.026473,5.2529
2024-10-21,15.67246019,15.72080214,15.3727401,15.53710273,102752924,1654233486.31,0.017359,-0.9858
2024-10-22,15.53710273,15.71113375,15.50809756,15.63378663,58044838,936308163.97,0.009806,0.6223
2024-10-23,15.6627918,15.87549638,15.57577629,15.65312341,70237977,1142168996.35,0.011866000000000002,0.1237
2024-10-24,15.52743434,15.65312341,15.3727401,15.51776595,46843601,751281362.36,0.007914,-0.8647
2024-10-25,15.55643951,15.74013892,15.50809756,15.63378663,55251791,891805061.99,0.009334,0.7477
2024-10-28,15.63378663,15.63378663,15.49842917,15.58544468,49526383,796525899.29,0.008367,-0.3092
2024-10-29,15.59511307,15.80781765,15.40174527,15.43075044,56782929,914961213.24,0.009593,-0.9926
2024-10-30,15.39207688,15.57577629,15.28572459,15.48876078,52265568,834462839.58,0.00883,0.3759
2024-10-31,15.49842917,15.9528435,15.44041883,15.67246019,113025412,1842900542.73,0.019094,1.186
2024-11-01,15.65312341,15.90450155,15.54677112,15.57577629,88913033,1443787188.03,0.015021,-0.6169
2024-11-04,15.7594757,15.97218028,15.6627918,15.97218028,90411929,1482495499.29,0.015274000000000001,2.545
2024-11-05,16.0495274,16.81333021,15.82715443,16.80366182,161501074,2758752288.95,0.027284000000000003,5.2058
2024-11-06,16.91001411,17.403102,16.68764114,16.77465665,139787588,2455561028.68,0.023616,-0.1726
2024-11-07,16.58128885,17.85751633,16.48460495,17.75116404,192561233,3442251519.52,0.032531,5.8213
2024-11-08,18.0798893,18.1765732,17.23873937,17.27741293,156006901,2837442454.62,0.026356,-2.6688
2024-11-11,17.0163664,17.25807615,16.9196825,17.21940259,93375106,1650965414.31,0.015774999999999997,-0.3358
2024-11-12,17.2097342,17.51912268,16.83266699,16.96802445,82763850,1468969572.71,0.013982000000000001,-1.4599
2024-11-13,16.87134055,17.09371352,16.69730953,16.99702962,65268369,1141305197.02,0.011026000000000001,0.1709
2024-11-14,16.99702962,17.16139225,16.76498826,16.78432504,57577395,1011812459.16,0.009727,-1.2514
2024-11-15,16.76498826,16.91001411,16.25256359,16.26223198,62795442,1077676026.1,0.010609,-3.1106
2024-11-18,16.30090554,16.49427334,16.03985901,16.09786935,56954663,958646699.27,0.009622,-1.0107
2024-11-19,16.20422164,16.27190037,15.86582799,16.22355842,51874246,862694827.1,0.008764,0.7808
2024-11-20,16.09786935,16.32991071,16.03019062,16.23322681,37598751,629566456.98,0.006352,0.0596
2024-11-21,16.22355842,16.34924749,16.07853257,16.25256359,40136576,673419664.79,0.006781000000000001,0.1191
2024-11-22,16.2428952,16.25256359,15.49842917,15.55643951,51708219,850294046.09,0.008736,-4.2832
2024-11-25,15.60478146,15.6627918,15.32439815,15.54677112,44584810,715764496.29,0.007532,-0.0622
2024-11-26,15.52743434,15.72080214,15.48876078,15.50809756,32677830,526763411.36,0.005521000000000001,-0.2488
2024-11-27,15.52743434,15.7594757,15.49842917,15.7594757,49052716,793324708.4,0.008287,1.6209
2024-11-28,15.76920147,15.87621024,15.64273656,15.71083305,45864492,743270093.29,0.0077480000000000005,-0.3086
2024-11-29,15.62328042,16.3431576,15.62328042,15.99294708,63232006,1040346852.22,0.010682,1.7957
2024-12-02,15.93457866,16.33342953,15.83729796,16.20696462,46712187,776790484.27,0.007892,1.3382
2024-12-03,16.18750848,16.33342953,16.04158743,16.28478918,37281847,620163539.36,0.006298000000000001,0.4802
2024-12-04,16.18750848,16.42098216,16.11941199,16.22642076,43664516,730156591.6,0.007377,-0.3584
2024-12-05,16.16805234,16.48907865,16.1485962,16.31397339,31115302,522216020.76,0.0052569999999999995,0.5396
2024-12-06,16.28478918,16.69336812,16.25560497,16.45989444,62835093,1064405092.14,0.010615000000000001,0.8945
2024-12-09,16.37234181,16.47935058,16.09022778,16.26533304,39971500,669875283.0,0.006753,-1.182
2024-12-10,16.99493829,17.17004355,16.42098216,16.4404383,82471054,1419386071.87,0.013933,1.0766
2024-12-11,16.37234181,16.51826286,16.31397339,16.37234181,31544747,532149538.52,0.005329,-0.4142
2024-12-12,16.38206988,16.64472777,16.31397339,16.50853479,41158000,696527629.0,0.006953,0.8318
2024-12-13,16.41125409,16.41125409,16.0513155,16.10968392,54485568,905159793.6,0.009205,-2.416
2024-12-16,16.13886813,16.17778041,15.89566638,15.9540348,30863071,507294465.03,0.005214,-0.9662
2024-12-17,15.89566638,16.0513155,15.82756989,15.93457866,31864190,521574687.7,0.005383,-0.122
2024-12-18,15.97349094,16.04158743,15.83729796,15.8567541,24074442,394273244.32,0.004067,-0.4884
2024-12-19,15.7594734,15.92485059,15.70110498,15.91512252,22162668,360503682.49,0.003744,0.3681
2024-12-20,15.90539445,15.99294708,15.84702603,15.87621024,23772410,388758928.1,0.0040160000000000005,-0.2445
2024-12-23,15.80811375,16.08049971,15.76920147,15.80811375,25996966,425339629.2,0.004392,-0.4289
2024-12-24,15.77892954,16.04158743,15.77892954,16.02213129,31011831,507941801.52,0.005239000000000001,1.3538
2024-12-25,16.02213129,16.09022778,15.7594734,16.03185936,42128225,691148163.79,0.007117,0.0607
2024-12-26,16.00267515,16.09022778,15.9540348,16.01240322,24369211,401254275.5,0.004117,-0.1214
2024-12-27,16.03185936,16.30424532,15.97349094,16.1485962,42339018,703433292.54,0.0071530000000000005,0.8505
2024-12-30,16.10968392,16.4404383,16.08049971,16.4404383,45249902,759305631.69,0.007644,1.8072
2024-12-31,16.4404383,16.50853479,15.7594734,15.76920147,47476600,785567690.7,0.008021,-4.0828
2025-01-02,15.74001726,15.74001726,14.86449096,15.02014008,70142000,1099570127.0,0.011850000000000001,-4.7502
2025-01-03,15.02986815,15.16606113,14.73802605,14.80612254,50691601,778954945.5,0.008564,-1.4249
2025-01-06,14.7866664,15.09796464,14.7866664,15.06878043,38499346,592177704.4,0.006503999999999999,1.774
2025-01-07,15.05905236,15.18551727,14.96177166,15.16606113,28188157,437076932.48,0.004762,0.6456
2025-01-08,15.12714885,15.20497341,14.81585061,15.01041201,31219658,481008914.7,0.005274,-1.0263
2025-01-09,14.91313131,15.02014008,14.84503482,14.8839471,20832859,319727851.3,0.003519,-0.8425
2025-01-10,14.89367517,14.9812278,14.6893857,14.71856991,19096700,291223088.89,0.003226,-1.1111
2025-01-13,14.60183307,14.83530675,14.50455237,14.79639447,21678765,327592459.01,0.0036620000000000003,0.5288
2025-01-14,14.85476289,15.20497341,14.79639447,15.1757892,37809613,585821376.22,0.0063880000000000004,2.5641
2025-01-15,15.11742078,15.20497341,15.02986815,15.09796464,20577862,319656071.85,0.0034760000000000004,-0.5128
2025-01-16,15.15633306,15.29252604,14.90340324,14.99095587,25400921,393544743.89,0.004291,-0.7088
2025-01-17,14.91313131,15.19524534,14.91313131,15.11742078,21433772,332713722.51,0.0036209999999999997,0.8436
2025-01-20,15.23415762,15.34116639,15.1757892,15.19524534,24696036,387106941.99,0.004172,0.5148
2025-01-21,15.32171025,15.33143832,15.09796464,15.14660499,18658479,291431045.2,0.003152,-0.3201
2025-01-22,15.11742078,15.14660499,14.94231552,15.05905236,22689929,350299509.31,0.0038329999999999996,-0.578
2025-01-23,15.29252604,15.52599972,15.20497341,15.22442955,46659185,736630084.27,0.007883,1.0982
2025-01-24,15.19524534,15.44817516,15.1757892,15.31198218,30666714,483044712.34,0.005181,0.5751
2025-01-27,15.43844709,15.44817516,15.08823657,15.08823657,29636884,464222517.04,0.005007,-1.4612
2025-02-05,15.08823657,15.21470148,15.01041201,15.05905236,25532661,396391994.83,0.004313,-0.1934
2025-02-06,15.04932429,15.25361376,14.9812278,15.20497341,24836979,386307537.79,0.004196,0.969
2025-02-07,15.1757892,15.6621927,15.14660499,15.47735937,48391628,768277489.09,0.008175,1.7914
2025-02-10,15.45790323,15.59409621,15.38007867,15.45790323,28284691,449681120.35,0.004778,-0.1257
2025-02-11,15.54545586,15.54545586,15.29252604,15.38980674,23634430,373487444.7,0.003993,-0.4405
2025-02-12,15.35089446,15.564912,15.32171025,15.54545586,25702283,407444994.13,0.0043419999999999995,1.0114
2025-02-13,15.49681551,15.64273656,15.38007867,15.49681551,40219520,641796996.95,0.006795,-0.3129
2025-02-14,15.47735937,15.59409621,15.39953481,15.54545586,27407830,436977871.82,0.0046300000000000004,0.3139
2025-02-17,15.69137691,15.72056112,15.47735937,15.57464007,30263611,484887684.92,0.0051129999999999995,0.1877
2025-02-18,15.54545586,15.564912,15.03959622,15.09796464,41979803,659896892.34,0.007092,-3.0606
2025-02-19,15.0785085,15.2730699,15.04932429,15.14660499,33598669,523628495.23,0.005676,0.3222
2025-02-20,15.14660499,15.19524534,15.03959622,15.09796464,26518475,411476079.67,0.0044800000000000005,-0.3211
2025-02-21,15.16606113,15.43844709,15.00068394,15.40926288,49127793,770772636.61,0.0083,2.0619
2025-02-24,15.3703506,15.63300849,15.33143832,15.48708744,44971639,717365402.6,0.0075970000000000005,0.5051
2025-02-25,15.33143832,15.38980674,15.12714885,15.16606113,32264131,506054081.54,0.005451,-2.0729
2025-02-26,15.20497341,15.41899095,15.0785085,15.39953481,53826089,842054280.81,0.009093,1.5394
2025-02-27,15.2730699,15.42871902,15.10769271,15.32171025,45917529,720377401.41,0.007776999999999999,-0.5054
2025-02-28,15.2730699,15.48708744,14.90340324,14.92285938,52619195,819043250.69,0.008912,-2.6032
2025-03-03,14.93258745,15.09796464,14.86449096,14.95204359,33771695,520825733.32,0.005719999999999999,0.1956
2025-03-04,14.93258745,15.04932429,14.87421903,15.00068394,19692767,303184255.47,0.0033350000000000003,0.3253
2025-03-05,14.99095587,15.05905236,14.86449096,15.00068394,24036390,369913817.14,0.004071,0.0
2025-03-06,15.12714885,15.33143832,15.03959622,15.29252604,48941204,766383658.43,0.008289,1.9455
2025-03-07,15.25361376,15.25361376,15.05905236,15.09796464,25147188,391412129.68,0.004259,-1.2723
2025-03-10,15.0785085,15.10769271,14.93258745,15.00068394,26203130,403720773.02,0.004438,-0.6443
2025-03-11,14.90340324,15.00068394,14.84503482,15.00068394,26174406,401178245.85,0.004433,0.0
2025-03-12,15.01041201,15.18551727,14.94231552,15.01041201,34523587,533897416.9,0.005847,0.0649
2025-03-13,15.01041201,15.11742078,14.89367517,14.94231552,23375797,359778424.43,0.003959,-0.4537
2025-03-14,14.9812278,15.51627165,14.95204359,15.39953481,73187449,1151524656.06,0.012396,3.0599
2025-03-17,15.38980674,15.4676313,15.31198218,15.39953481,35655025,564116077.13,0.006039,0.0
2025-03-18,15.45790323,15.60382428,15.45790323,15.48708744,32576400,519442229.99,0.0055179999999999995,0.5685
2025-03-19,15.47735937,15.65246463,15.42871902,15.55518393,31222612,499125677.08,0.005288,0.4397
2025-03-20,15.51627165,15.59409621,15.36062253,15.41899095,25739836,409216495.5,0.00436,-0.8755
2025-03-21,15.36062253,15.44817516,15.15633306,15.20497341,27540060,432328664.74,0.004665,-1.388
2025-03-24,15.18551727,15.3703506,15.13687692,15.30225411,33362246,524016248.28,0.005651000000000001,0.6398
2025-03-25,15.30225411,15.43844709,15.25361376,15.38007867,27997703,441799067.44,0.004742,0.5086
2025-03-26,15.3703506,15.39953481,15.28279797,15.36062253,17588203,277500410.53,0.002979,-0.1265
2025-03-27,15.35089446,15.74001726,15.30225411,15.70110498,53207116,853125218.52,0.009012,2.2166
2025-03-28,15.6621927,16.13886813,15.64273656,15.9540348,68097422,1115260725.55,0.011533999999999999,1.6109
2025-03-31,15.91512252,16.10968392,15.64273656,15.68164884,61174880,998432797.62,0.010362,-1.7073
2025-04-01,15.7594734,15.96376287,15.73028919,15.80811375,36145279,587911407.38,0.006122,0.8065
2025-04-02,15.74974533,15.92485059,15.67192077,15.69137691,30827948,499354008.53,0.005221,-0.7385
2025-04-03,15.58436814,15.80811375,15.57464007,15.7594734,33022249,533918681.06,0.005593,0.434
2025-04-07,15.05905236,15.16606113,14.18352606,14.18352606,79509067,1188066756.96,0.013467,-10.0
2025-04-08,14.22243834,14.6893857,14.0084208,14.66992956,79746088,1182193905.06,0.013507,3.4294
2025-04-09,14.41699974,14.7866664,14.31971904,14.66992956,57861885,867567556.5,0.0098,0.0
2025-04-10,14.82557868,15.22442955,14.69911377,15.06878043,60918326,940018022.96,0.010318,2.7188
2025-04-11,14.97149973,15.04932429,14.79639447,14.92285938,34049528,522077570.33,0.0057669999999999996,-0.9684
2025-04-14,15.02986815,15.04932429,14.8839471,14.93258745,25478065,391613554.69,0.004315,0.0652
2025-04-15,14.93258745,14.94231552,14.81585061,14.92285938,19930500,304849735.0,0.003376,-0.0651
2025-04-16,14.86449096,14.92285938,14.66020149,14.80612254,26284140,398576194.02,0.004452,-0.7823
2025-04-17,14.74775412,14.85476289,14.69911377,14.77693833,14836533,225568130.26,0.002513,-0.1971
2025-04-18,14.76721026,14.90340324,14.71856991,14.87421903,16126600,245704027.0,0.002731,0.6583
2025-04-21,14.84503482,15.04932429,14.7866664,14.96177166,22713601,349158506.41,0.0038469999999999997,0.5886
2025-04-22,14.99095587,15.00068394,14.90340324,14.94231552,17887706,274986630.1,0.0030299999999999997,-0.13
2025-04-23,15.01041201,15.02986815,14.83530675,14.89367517,19219741,294937554.31,0.003255,-0.3255
2025-04-24,14.89367517,14.9812278,14.83530675,14.93258745,17347553,266065380.44,0.002938,0.2613
2025-04-25,14.93258745,15.19524534,14.92285938,15.06878043,29465374,456886132.62,0.004991,0.9121
2025-04-28,15.06878043,15.10769271,14.92285938,15.00068394,19157773,295854012.32,0.003245,-0.4519
2025-04-29,15.04932429,15.05905236,14.87421903,14.91313131,19411800,298214559.0,0.0032879999999999997,-0.5837
2025-04-30,15.00068394,15.31198218,15.00068394,15.18551727,37594320,587387580.18,0.006368,1.8265
2025-05-06,15.29252604,15.36062253,15.22442955,15.25361376,31134357,488939643.39,0.005273,0.4484
2025-05-07,15.59409621,15.70110498,15.33143832,15.3703506,40397227,642923253.25,0.006842,0.7653
2025-05-08,15.32171025,15.68164884,15.32171025,15.4676313,44705539,715174917.0,0.007572,0.6329
2025-05-09,15.47735937,15.52599972,15.33143832,15.34116639,18609674,294453138.25,0.003152,-0.8176
2025-05-12,15.42871902,15.62328042,15.33143832,15.57464007,32208965,513099548.73,0.005455,1.5219
2025-05-13,15.68164884,15.68164884,15.49681551,15.65246463,47618494,764052914.11,0.008065,0.4997
2025-05-14,15.64273656,17.2186839,15.60382428,16.83928917,194327986,3313787690.83,0.032914,7.5823
2025-05-15,16.537719,16.68364005,16.32370146,16.46962251,103990556,1762643372.69,0.017613,-2.1953
2025-05-16,16.45989444,16.50853479,16.11941199,16.27506111,52254321,873759516.33,0.008851,-1.1813
2025-05-19,16.25560497,16.35288567,16.12914006,16.22642076,49307479,823376449.27,0.008350999999999999,-0.2989
2025-05-20,16.23614883,16.33342953,16.09022778,16.13886813,45074764,750444254.96,0.007634999999999999,-0.5396
2025-05-21,16.13886813,16.2458769,16.12914006,16.13886813,27605700,459160602.88,0.0046760000000000005,0.0
2025-05-22,16.13886813,16.17778041,16.02213129,16.08049971,27772903,459800101.04,0.004704,-0.3617
2025-05-23,16.07077164,16.16805234,15.79838568,15.83729796,36046221,592098856.45,0.006105,-1.5124
2025-05-26,15.83729796,15.97349094,15.76920147,15.8567541,25485430,415338083.56,0.004317,0.1229
2025-05-27,15.8567541,15.89566638,15.74974533,15.82756989,21006896,341627363.41,0.003558,-0.184
2025-05-28,15.86648217,15.87621024,15.72056112,15.74001726,18634426,302246883.42,0.003156,-0.5532
2025-05-29,15.78865761,15.88593831,15.74974533,15.80811375,35726852,580870635.77,0.006051,0.4326
2025-05-30,15.72056112,15.90539445,15.61355235,15.84702603,34493151,558795132.19,0.005842000000000001,0.2462
2025-06-03,15.7594734,16.03185936,15.67192077,15.90539445,38594255,629792342.25,0.006536999999999999,0.3683
2025-06-04,15.88593831,16.16805234,15.88593831,16.06104357,35618638,587820046.62,0.006032999999999999,0.9786
2025-06-05,16.07077164,16.18750848,15.97349094,16.10968392,30441470,503163618.2,0.005155999999999999,0.3028
2025-06-06,16.11941199,16.17778041,15.97349094,16.00267515,22845192,376807052.19,0.003869,-0.6643
2025-06-09,16.0513155,16.29451725,16.04158743,16.20696462,41578528,692295704.42,0.0070420000000000005,1.2766
2025-06-10,16.18750848,16.2458769,15.88593831,15.98321901,35111087,580556022.02,0.005947,-1.3806
2025-06-11,16.01240322,16.47935058,15.98321901,16.43071023,64512815,1082894740.02,0.010927,2.7998
2025-06-12,16.35288567,16.70309619,16.32370146,16.4404383,49940307,846847006.06,0.008459,0.0592
2025-06-13,16.36261374,16.43071023,16.1485962,16.20696462,43520400,726925376.83,0.007371,-1.4201
2025-06-16,16.13886813,16.45989444,16.10968392,16.41125409,29658101,497107027.84,0.005023,1.2605
2025-06-17,16.40152602,16.4404383,16.29451725,16.40152602,22471619,378084977.96,0.003806,-0.0593
2025-06-18,16.40152602,16.45989444,16.06104357,16.19723655,29708381,494537016.48,0.005032,-1.2456
2025-06-19,16.10968392,16.18750848,15.81784182,15.8567541,32783741,536538264.32,0.005553,-2.1021
2025-06-20,15.8567541,15.97349094,15.83729796,15.88593831,18820707,307474179.04,0.003188,0.184
2025-06-23,15.81784182,16.08049971,15.81784182,16.02213129,27300912,447022804.87,0.004624,0.8573
2025-06-24,16.07077164,16.52799093,16.07077164,16.36261374,56586890,951596055.86,0.009584,2.1251
2025-06-25,16.40152602,16.97548215,16.37234181,16.88792952,91633635,1572090915.31,0.01552,3.2105
2025-06-26,16.9268418,17.04357864,16.64472777,16.79064882,70327566,1217574287.28,0.011912,-0.576
2025-06-27,16.81010496,17.6078067,16.77119268,16.97548215,111625612,1956593589.97,0.018907,1.1008
2025-06-30,16.8261301,16.90578042,16.58717914,16.73652349,64121148,1078006761.15,0.010861,-1.4076
2025-07-01,16.75643607,16.78630494,16.57722285,16.63696059,31874738,532892175.25,0.005399,-0.5949
2025-07-02,16.67678575,16.68674204,16.54735398,16.57722285,31140867,519374811.52,0.005274,-0.3591
2025-07-03,16.59713543,16.77634865,16.59713543,16.70665462,31644893,530212494.61,0.00536,0.7808
2025-07-04,16.7265672,17.2243817,16.65687317,16.925693,60036431,1021507313.07,0.010169,1.3111
2025-07-07,16.84604268,17.03521219,16.81617381,16.97547445,31295595,532940812.01,0.005301,0.2941
2025-07-08,16.97547445,17.11486251,16.89582413,17.07503735,42770774,730690448.12,0.0072440000000000004,0.5865
2025-07-09,17.07503735,17.43346379,17.04516848,17.10490622,49030059,848952649.79,0.008304,0.1749
2025-07-10,17.01529961,17.4235075,16.98543074,17.38368234,58368981,1014013571.63,0.009886,1.6298
2025-07-11,17.45337637,17.91136571,17.33390089,17.61267701,89873048,1596159633.82,0.015222,1.3173
2025-07-14,17.67241475,17.8217591,17.55293927,17.69232733,51273717,911125432.34,0.008685,0.4522
2025-07-15,17.69232733,17.95119087,17.59276443,17.7221962,62426860,1114383276.64,0.010573999999999998,0.1688
2025-07-16,17.7221962,17.77197765,17.37372605,17.44342008,44308839,778024442.55,0.0075049999999999995,-1.573
2025-07-17,17.45337637,17.54298298,17.33390089,17.53302669,37301084,653162169.41,0.006318000000000001,0.5137
2025-07-18,17.53302669,18.17022925,17.5230704,18.00097232,84836460,1525196533.71,0.014369,2.6689
2025-07-21,17.921322,18.76760665,17.8217591,18.6182623,103120297,1911054518.23,0.017466,3.4292
2025-07-22,18.53861198,18.77756294,18.3195736,18.70786891,63932032,1191640955.6,0.010829,0.4813
2025-07-23,18.69791262,19.66367275,18.66804375,19.45459066,158533465,3083409078.06,0.026852,3.9915
2025-07-24,19.26542115,20.05196806,19.26542115,19.98227403,127287229,2535908774.27,0.021559,2.7124
2025-07-25,19.98227403,20.0121429,19.7134542,19.84288597,74897759,1493683313.35,0.012686,-0.6976
2025-07-28,19.83292968,20.3108316,19.66367275,19.93249258,89995908,1802052608.36,0.015243,0.4516
2025-07-29,19.8130171,19.91258,19.56410985,19.83292968,65129272,1291105261.2,0.011031,-0.4995
2025-07-30,19.8130171,20.06192435,19.47450324,19.67362904,63289627,1256545196.72,0.01072,-0.8032
2025-07-31,19.59397872,19.72341049,18.96673245,19.10612051,93946274,1821934817.68,0.015912,-2.8846
2025-08-01,19.12603309,19.80306081,18.96673245,19.25546486,92204078,1795492241.15,0.015617,0.7817
2025-08-04,19.19572712,19.57406614,19.18577083,19.29529002,55348500,1072455444.12,0.009375,0.2068
2025-08-05,19.36498405,19.66367275,19.26542115,19.54419727,66455567,1297629755.02,0.011255999999999999,1.29
2025-08-06,19.54419727,19.75327936,19.49441582,19.62384759,47894676,943526384.93,0.008112000000000001,0.4075
2025-08-07,19.57406614,19.80306081,19.4147655,19.47450324,46650347,917021287.65,0.007901,-0.761
2025-08-08,19.48445953,19.76323565,19.2156397,19.62384759,65266166,1283363312.36,0.011054,0.7669
2025-08-11,19.5143284,19.83292968,19.5143284,19.62384759,53148736,1050241525.7,0.009002,0.0
2025-08-12,19.7134542,20.08183693,19.65371646,20.00218661,67780122,1355343999.85,0.011479999999999999,1.928
2025-08-13,20.13161838,20.75886465,20.00218661,20.45021966,104648897,2144960359.6,0.017725,2.2399
2025-08-14,20.45021966,21.25667915,20.37056934,20.64934546,113619693,2376946697.98,0.019244,0.9737
2025-08-15,20.59956401,21.67484333,20.50000111,21.18698512,130240918,2776612260.21,0.02206,2.6037
2025-08-18,21.26663544,21.27659173,20.61947659,20.81860239,138993819,2924472673.32,0.023542,-1.7387
2025-08-19,20.6095203,20.908209,20.52986998,20.61947659,57337935,1190661057.86,0.009712,-0.9565
2025-08-20,20.5099574,20.97790303,20.42035079,20.91816529,61136555,1271911899.93,0.010355000000000001,1.4486
2025-08-21,21.13720367,21.18698512,20.67921433,20.8086461,58916776,1240145618.97,0.009979,-0.5236
2025-08-22,20.75886465,22.4016525,20.71903949,22.32200218,140288189,3051828421.53,0.023761,7.2727
2025-08-25,22.4016525,22.45143395,21.76444994,22.2025267,112693618,2500377831.17,0.019088,-0.5352
2025-08-26,22.01335719,22.09300751,21.76444994,21.88392542,62591581,1378724551.7,0.010601000000000001,-1.435
2025-08-27,21.88392542,21.96357574,21.07746593,21.09737851,92849116,2010845466.74,0.015726,-3.5942
2025-08-28,20.99781561,21.71466849,20.97790303,21.65493075,74894506,1603387592.33,0.012685,2.6428
2025-08-29,21.71466849,22.03326977,21.57528043,21.78436252,83943399,1839345069.48,0.014218,0.5977
2025-09-01,21.89388171,21.94366316,21.54541156,21.57528043,68123783,1483112243.05,0.011538,-0.9598
2025-09-02,21.62506188,21.75449365,21.02768448,21.21685399,61722433,1321236029.61,0.010454000000000001,-1.6613
2025-09-03,21.22681028,21.36619834,20.39048192,20.53982627,70993419,1480001253.62,0.012025,-3.191
2025-09-04,20.53982627,20.68917062,19.97231774,20.25109386,66387953,1352815895.59,0.011244,-1.4057
2025-09-05,20.32078789,20.55973885,20.09179322,20.50000111,52240077,1065787393.02,0.008848,1.2291
2025-09-08,20.53982627,20.63938917,20.06192435,20.27100644,60081433,1223673770.51,0.010176000000000001,-1.117
2025-09-09,20.20131241,20.79868981,20.13161838,20.50000111,55425740,1140133927.47,0.009388,1.1297
2025-09-10,20.47013224,20.77877723,20.37056934,20.44026337,38183048,787169315.51,0.0064670000000000005,-0.2914
2025-09-11,20.39048192,21.12724738,20.34070047,21.05755335,70736472,1480644300.59,0.011980999999999999,3.02
2025-09-12,21.03764077,21.33632947,20.86838384,20.96794674,50398899,1068047889.66,0.008536,-0.4255
2025-09-15,20.95799045,21.51554269,20.81860239,21.13720367,58046685,1236391594.37,0.009832,0.8072
2025-09-16,21.12724738,21.24672286,20.67921433,21.0077719,44017896,924857419.33,0.007456000000000001,-0.6123
2025-09-17,21.1073348,21.25667915,20.84847126,21.1073348,47172749,997798228.07,0.00799,0.4739
2025-09-18,20.98785932,21.1073348,19.93249258,20.29091902,100624871,2075000648.98,0.017043,-3.8679
2025-09-19,20.14157467,20.36061305,20.03205548,20.16148725,40998197,831957800.08,0.0069440000000000005,-0.6379
2025-09-22,20.15153096,20.51991369,20.12166209,20.5099574,35430241,722837859.85,0.006000999999999999,1.7284
2025-09-23,20.39048192,20.68917062,20.12166209,20.40043821,41161415,840372246.47,0.006972000000000001,-0.534
2025-09-24,20.32078789,20.66925804,20.26105015,20.58960772,37229303,765962056.86,0.006306000000000001,0.9273
2025-09-25,20.49004482,20.97790303,20.42035079,20.82855868,43827076,916085158.68,0.007423,1.1605
2025-09-26,20.71903949,21.01772819,20.6095203,20.76882094,34302017,716610441.3,0.005809999999999999,-0.2868
2025-09-29,20.71903949,22.84968555,20.68917062,22.84968555,200756543,4500007457.72,0.034003,10.0192
2025-09-30,22.84968555,22.95920474,22.1029638,22.18261412,167098999,3777902041.79,0.028302,-2.9194
2025-10-09,22.12287638,23.43710666,21.7047122,23.08863651,171416495,3902002186.94,0.029034,4.0844
2025-10-10,22.94924845,24.54225485,22.85964184,23.94487745,163437970,3935543679.87,0.027682000000000002,3.7085
2025-10-13,23.21806828,23.895096,22.48130282,23.12846167,157898785,3653648959.84,0.026744,-3.4096
2025-10-14,23.18819941,24.24356615,22.90942329,23.21806828,152172681,3598717219.14,0.025774,0.3874
2025-10-15,23.57649472,24.4924734,22.90942329,24.42277937,185431895,4430858253.14,0.031408,5.1887
2025-10-16,23.895096,24.31326018,23.64618875,24.17387212,138985865,3338389747.63,0.023541,-1.0192
2025-10-17,24.15395954,24.3929105,23.11850538,23.26784973,120823278,2874869429.01,0.020464000000000003,-3.7479
2025-10-20,23.44706295,23.67605762,22.55099685,22.62069088,121442968,2791310795.97,0.020569,-2.7813
2025-10-21,22.66051604,23.01894248,22.44147766,22.77999152,116685426,2656087109.39,0.019764,0.7042
2025-10-22,22.51,22.68,22.18,22.33,75613265,1694242830.38,0.012806999999999999,-1.9754
2025-10-23,22.34,22.8,22.19,22.68,70873801,1595068943.09,0.012003999999999999,1.5674
2025-10-24,22.6,22.96,22.52,22.96,83015009,1889853883.52,0.014060999999999999,1.2346
2025-10-27,23.21,23.75,22.88,23.41,124338778,2899033797.12,0.02106,1.9599
2025-10-28,23.15,23.34,22.88,22.98,79634536,1836489049.09,0.013488,-1.8368
2025-10-29,22.9,24.1,22.88,23.92,122578942,2901244715.69,0.020762,4.0905
2025-10-30,23.92,24.0,23.5,23.55,81128123,1920230259.45,0.013741000000000001,-1.5468
2025-10-31,23.66,23.7,22.56,22.57,122376988,2783556456.82,0.020728,-4.1614
2025-11-03,22.53,22.57,21.93,22.42,74425771,1651292834.16,0.012606,-0.6646
2025-11-04,22.42,22.47,22.13,22.23,45196112,1007493108.57,0.0076549999999999995,-0.8475
2025-11-05,22.04,22.34,21.97,22.22,38378559,851858650.67,0.006500000000000001,-0.045
2025-11-06,22.34,23.38,22.3,23.15,121556237,2799061681.31,0.020589,4.1854
2025-11-07,23.0,23.04,22.71,22.75,50992243,1165134456.35,0.008637,-1.7279
2025-11-10,22.71,23.83,22.56,23.6,98046210,2286379054.73,0.016607,3.7363
2025-11-11,23.44,23.65,23.05,23.14,55796775,1296850267.53,0.009451000000000001,-1.9492
2025-11-12,23.01,23.36,22.85,23.05,52684187,1217025256.51,0.008923,-0.3889
2025-11-13,23.0,23.58,22.97,23.47,62510807,1459081540.66,0.010588,1.8221
2025-11-14,23.2,23.35,22.81,22.85,55448980,1276386794.61,0.009392000000000001,-2.6417
2025-11-17,22.78,22.8,22.33,22.43,46044749,1034758608.26,0.007799,-1.8381
2025-11-18,22.38,23.07,22.34,22.66,54228493,1233703029.14,0.009185,1.0254
2025-11-19,22.56,22.97,22.53,22.76,35107903,797898961.04,0.005946,0.4413
2025-11-20,23.29,23.35,22.1,22.1,65950288,1490195207.31,0.01117,-2.8998
2025-11-21,21.87,22.08,21.08,21.1,72494517,1558944277.35,0.012279,-4.5249
2025-11-24,21.2,21.39,20.88,21.16,42600952,901043928.33,0.007216,0.2844
2025-11-25,21.2,21.29,20.91,20.98,53144356,1121808909.38,0.009001,-0.8507
2025-11-26,20.97,21.36,20.92,21.09,43617321,923282041.94,0.0073880000000000005,0.5243
2025-11-27,21.02,21.38,21.0,21.08,29680240,628816908.45,0.005027,-0.0474
2025-11-28,21.01,21.2,20.89,21.14,31989331,673823451.25,0.005417999999999999,0.2846
2025-12-01,21.06,21.23,20.99,21.16,39004308,823369314.68,0.006606,0.0946
2025-12-02,21.15,21.15,20.77,20.9,41822943,874129353.62,0.007084,-1.2287
2025-12-03,21.25,21.25,20.75,20.86,37080284,777335312.5,0.00628,-0.1914
2025-12-04,20.77,21.05,20.76,20.95,25374669,531074126.9,0.004298,0.4314
2025-12-05,20.89,21.6,20.83,21.29,63041208,1339749483.8,0.010678,1.6229
2025-12-08,21.69,22.18,21.6,21.71,88781828,1942792060.32,0.015037,1.9728
2025-12-09,21.56,21.66,21.05,21.16,58537874,1247862352.83,0.009915,-2.5334
2025-12-10,21.05,21.14,20.81,21.01,42724671,894142045.6,0.007237,-0.7089
2025-12-11,21.02,21.05,20.61,20.61,35776507,743955247.55,0.006059999999999999,-1.9039
2025-12-12,20.62,21.03,20.58,20.95,45538147,947964585.0,0.007713,1.6497
2025-12-15,20.78,21.68,20.72,21.34,64351384,1375508728.1,0.0109,1.8616
2025-12-16,21.2,21.47,21.18,21.18,35793022,762424465.23,0.006062,-0.7498
2025-12-17,21.21,22.35,21.17,21.83,99093601,2155008999.01,0.016784,3.0689
2025-12-18,21.73,21.89,21.47,21.62,49657480,1075816885.23,0.008411,-0.962
2025-12-19,21.61,21.86,21.47,21.65,44690760,969509910.84,0.00757,0.1388
2025-12-22,21.6,21.76,21.56,21.6,29984556,648645638.86,0.005079,-0.2309
2025-12-23,21.61,22.26,21.48,21.91,71468473,1571307858.24,0.012105,1.4352
2025-12-24,21.88,22.13,21.82,22.1,42556460,934317474.33,0.007208,0.8672
2025-12-25,22.03,22.2,21.98,22.0,34967076,771704632.65,0.005923,-0.4525
2025-12-26,22.0,22.56,21.95,22.2,63353220,1410402495.76,0.01073,0.9091
2025-12-29,22.15,22.23,21.91,21.94,38383694,845949768.94,0.006501,-1.1712
2025-12-30,21.89,22.2,21.85,21.96,39581240,869528410.6,0.006704,0.0912
2025-12-31,21.92,22.48,21.92,22.02,46415169,1031235470.14,0.007862000000000001,0.2732
2026-01-05,22.08,23.06,22.08,22.87,97515420,2211553871.45,0.016517,3.8601
2026-01-06,22.73,24.1,22.73,23.78,112145882,2642873615.21,0.018994999999999998,3.979
2026-01-07,23.79,23.8,22.95,23.16,84871678,1977274225.25,0.014375,-2.6072
2026-01-08,22.88,22.88,22.11,22.26,129505709,2889256834.68,0.021934999999999996,-3.886
2026-01-09,22.23,22.44,22.1,22.31,74785307,1664480464.8,0.012667,0.2246
2026-01-12,22.31,22.74,22.15,22.71,97991297,2196495286.99,0.016597,1.7929
2026-01-13,22.75,23.48,22.63,22.86,97076011,2237662574.89,0.016442000000000002,0.6605
2026-01-14,22.83,23.32,22.42,22.49,106095160,2428903631.16,0.01797,-1.6185
2026-01-15,22.4,22.89,22.38,22.55,66907803,1514257762.37,0.011333,0.2668
2026-01-16,22.65,22.88,22.35,22.56,55701983,1254779593.15,0.009435,0.0443
2026-01-19,22.4,22.49,22.16,22.43,49856801,1113690396.06,0.008445000000000001,-0.5762
2026-01-20,22.38,22.92,22.35,22.77,58882302,1336591876.01,0.009973,1.5158
2026-01-21,22.66,22.86,22.47,22.57,50419081,1140173959.79,0.008539999999999999,-0.8783
2026-01-22,22.56,22.9,22.49,22.59,44548199,1009239866.71,0.007545,0.0886
2026-01-23,22.7,22.74,22.25,22.31,58061156,1300289528.56,0.009834,-1.2395
2026-01-26,22.22,22.95,22.19,22.71,90179558,2048458734.05,0.015274000000000001,1.7929
2026-01-27,22.66,22.83,22.32,22.51,52167666,1179480976.58,0.008836,-0.8807
2026-01-28,22.5,22.92,22.47,22.57,67027037,1521733608.91,0.011353,0.2665
2026-01-29,22.51,23.03,22.22,22.91,97841303,2213199789.87,0.016572,1.5064
2026-01-30,22.82,23.1,22.39,22.49,66536601,1507741583.14,0.01127,-1.8333
2026-02-02,22.35,22.66,21.66,21.72,85514121,1889174503.5,0.014483999999999999,-3.4237
2026-02-03,21.8,21.86,21.1,21.43,74152689,1581866866.93,0.01256,-1.3352
2026-02-04,21.3,21.68,21.22,21.62,38630184,830819290.62,0.006543,0.8866
2026-02-05,21.62,21.73,21.28,21.47,33696621,723496227.99,0.005707,-0.6938
2026-02-06,21.36,21.5,21.25,21.29,28152093,601561921.2,0.004768,-0.8384
2026-02-09,21.41,21.9,21.4,21.71,43286348,937808150.48,0.007332,1.9728
2026-02-10,21.75,21.76,21.55,21.62,18822971,407461876.3,0.003188,-0.4146
2026-02-11,21.64,21.65,21.4,21.5,25279482,543152100.27,0.004282,-0.555
2026-02-12,21.48,21.49,21.1,21.13,48892687,1036830869.29,0.008281,-1.7209
2026-02-13,21.19,21.32,21.1,21.13,31844842,675326011.09,0.0053939999999999995,0.0
2026-02-24,21.11,21.23,20.93,20.99,35321183,743269408.19,0.0059830000000000005,-0.6626
2026-02-25,21.0,21.23,20.88,20.91,54349022,1143394874.66,0.009205,-0.3811
2026-02-26,20.9,20.99,20.75,20.81,29412773,613243201.89,0.0049819999999999994,-0.4782
2026-02-27,20.8,21.01,20.76,20.84,35600253,743539459.29,0.00603,0.1442
2026-03-02,20.64,20.75,20.22,20.67,51286708,1052650535.29,0.008687,-0.8157
2026-03-03,20.67,21.01,20.4,20.53,53600608,1111144934.91,0.009079,-0.6773
2026-03-04,20.42,20.45,19.9,19.97,52292997,1051393130.85,0.008857,-2.7277
2026-03-05,20.2,20.23,19.87,19.92,34862399,697076289.79,0.0059050000000000005,-0.2504
2026-03-06,19.8,20.19,19.77,20.07,27006166,540449213.7,0.004574,0.753
2026-03-09,19.8,19.8,19.25,19.39,54927801,1067264757.75,0.009303,-3.3881
2026-03-10,19.57,19.68,19.37,19.52,36702114,715901325.44,0.006216,0.6704
2026-03-11,19.47,19.67,19.39,19.53,29948314,585166509.09,0.005072999999999999,0.0512
2026-03-12,19.5,19.59,19.36,19.49,27262918,531036580.69,0.004618,-0.2048
2026-03-13,19.44,19.55,19.29,19.32,28973703,562300283.23,0.004907,-0.8722
2026-03-16,19.32,19.35,18.96,19.07,39059603,744676892.92,0.0066159999999999995,-1.294
2026-03-17,19.11,20.08,19.11,19.53,90968281,1793115013.2,0.015408,2.4122
2026-03-18,19.52,19.54,19.26,19.47,39046780,756292315.5,0.006614,-0.3072
2026-03-19,19.29,19.33,19.03,19.11,36540096,700461768.85,0.006189,-1.849
2026-03-20,19.2,19.33,19.06,19.06,33091093,634560474.18,0.005605,-0.2616
2026-03-23,18.7,18.76,18.11,18.26,56161221,1034494141.11,0.009512,-4.1973
2026-03-24,18.5,18.67,18.22,18.36,40323220,741646683.56,0.00683,0.5476
2026-03-25,18.4,18.77,18.35,18.65,34890385,648092730.58,0.0059099999999999995,1.5795
2026-03-26,18.6,18.61,18.03,18.12,40874697,745297264.77,0.006923,-2.8418
2026-03-27,18.0,18.35,17.96,18.29,27184621,495722949.87,0.004604,0.9382
2026-03-30,18.01,18.24,18.0,18.18,25350959,459935619.62,0.004294,-0.6014
2026-03-31,18.22,18.46,17.96,17.96,39544255,719900160.67,0.006697999999999999,-1.2101
2026-04-01,18.31,18.58,18.17,18.43,41220758,758698271.12,0.006982,2.6169
2026-04-02,18.34,18.34,17.82,17.99,45484400,820965572.43,0.007704,-2.3874
2026-04-03,17.99,18.09,17.83,17.84,23266243,417740015.86,0.003941,-0.8338
2026-04-07,17.82,17.88,17.66,17.75,23479537,416707576.19,0.003977,-0.5045
2026-04-08,18.21,18.63,18.16,18.61,65562784,1206348684.72,0.011105,4.8451
2026-04-09,18.4,18.43,18.1,18.14,38900511,709742498.86,0.006589,-2.5255
2026-04-10,18.78,19.36,18.69,18.87,89504982,1703378791.8,0.01516,4.0243
2026-04-13,18.67,19.53,18.6,19.37,82702434,1589476326.13,0.014008,2.6497
2026-04-14,19.5,19.89,19.39,19.63,91483550,1796366609.84,0.015495000000000002,1.3423
2026-04-15,19.62,20.18,19.61,19.86,85376490,1701315001.77,0.014461,1.1717
2026-04-16,19.85,20.13,19.77,19.88,54374467,1082732824.99,0.009210000000000001,0.1007
2026-04-17,19.84,20.24,19.76,20.11,63331971,1270379199.88,0.010727,1.1569
2026-04-20,20.08,20.23,19.9,20.13,48072112,963359684.03,0.008142,0.0995
2026-04-21,20.03,20.05,19.88,19.88,34706172,692187269.47,0.0058779999999999995,-1.2419
2026-04-22,19.88,20.64,19.84,20.39,66394666,1351515116.63,0.011246,2.5654
2026-04-23,20.31,20.59,20.12,20.32,54675761,1112362036.84,0.009261,-0.3433
2026-04-24,20.15,20.28,19.61,19.86,57637088,1140222931.88,0.009762,-2.2638
2026-04-27,19.95,20.38,19.83,19.9,77704940,1559072914.33,0.013161,0.2014
2026-04-28,21.01,21.46,20.51,21.1,167739968,3540159830.58,0.028411,6.0302
2026-04-29,21.09,21.35,20.88,21.28,90745478,1920059774.58,0.01537,0.8531
2026-04-30,21.25,21.73,21.13,21.23,69175153,1476758458.87,0.011717,-0.235
2026-05-06,21.12,21.49,21.08,21.18,82430562,1748674176.66,0.013962,-0.2355
2026-05-07,21.3,21.38,20.82,21.17,63077139,1327298952.74,0.010684,-0.0472
2026-05-08,21.04,21.17,20.85,20.96,45334577,951131326.31,0.007679,-0.992
2026-05-11,20.41,21.16,20.1,21.03,109399394,2276024149.25,0.01853,0.334
2026-05-12,20.96,21.19,20.85,21.03,54384563,1143282842.88,0.009211,0.0
2026-05-13,20.98,21.05,20.61,20.85,43963599,913754988.9,0.007446,-0.8559
2026-05-14,20.85,20.94,20.31,20.35,41171112,849308597.43,0.006973,-2.3981
2026-05-15,20.4,20.45,19.76,19.94,42270757,846777066.81,0.00716,-2.0147
2026-05-18,19.7,19.92,19.53,19.67,37599046,740868080.84,0.006368,-1.3541
2026-05-19,19.64,19.73,19.0,19.51,69864484,1348692525.17,0.011833,-0.8134
2026-05-20,19.56,19.63,19.21,19.43,31517328,612748661.83,0.005338000000000001,-0.41
2026-05-21,19.6,20.3,19.32,19.32,84765520,1687339022.19,0.014357,-0.5661
2026-05-22,19.65,19.66,18.91,19.05,53007240,1010905389.76,0.008978,-1.3975
2026-05-25,19.15,19.23,18.82,19.0,41738526,792713752.95,0.007069,-0.2625
2026-05-26,18.86,19.63,18.81,19.15,78955955,1516623532.65,0.013373,0.7895
2026-05-27,19.0,19.39,18.6,18.87,57868541,1094503338.63,0.009802,-1.4621
2026-05-28,18.88,18.93,18.38,18.55,46868806,868127950.18,0.007937999999999999,-1.6958
